row,Species,group,split
0,Bream,0,train
1,Bream,1,train
2,Bream,2,train
3,Bream,3,train
4,Bream,4,train
5,Bream,5,test
6,Bream,6,train
7,Bream,7,val
8,Bream,8,train
9,Bream,9,train
10,Bream,10,val
11,Bream,11,train
12,Bream,12,train
13,Bream,13,train
14,Bream,14,train
15,Bream,15,train
16,Bream,16,test
17,Bream,17,train
18,Bream,18,train
19,Bream,19,train
20,Bream,20,val
21,Bream,21,train
22,Bream,22,train
23,Bream,23,train
24,Bream,24,test
25,Bream,25,test
26,Bream,26,train
27,Bream,27,train
28,Bream,28,train
29,Bream,29,val
30,Bream,30,test
31,Bream,31,train
32,Bream,32,train
33,Bream,33,train
34,Bream,34,val
35,Roach,35,train
36,Roach,36,train
37,Roach,37,train
38,Roach,38,test
39,Roach,39,train
41,Roach,41,train
42,Roach,42,train
43,Roach,43,train
44,Roach,44,test
45,Roach,45,train
46,Roach,46,train
47,Roach,47,train
48,Roach,48,val
49,Roach,49,train
50,Roach,50,val
51,Roach,51,val
52,Roach,52,train
53,Roach,53,test
54,Roach,54,train
55,Whitefish,55,val
56,Whitefish,56,train
57,Whitefish,57,train
58,Whitefish,58,train
59,Whitefish,59,train
60,Whitefish,60,test
61,Parkki,61,train
62,Parkki,62,train
63,Parkki,63,test
64,Parkki,64,test
65,Parkki,65,train
66,Parkki,66,val
67,Parkki,67,val
68,Parkki,68,train
69,Parkki,69,train
70,Parkki,70,train
71,Parkki,71,train
72,Perch,72,train
73,Perch,73,train
74,Perch,74,val
75,Perch,75,train
76,Perch,76,train
77,Perch,77,train
78,Perch,78,val
79,Perch,79,train
80,Perch,80,val
81,Perch,81,train
82,Perch,82,train
83,Perch,83,train
84,Perch,84,train
85,Perch,85,train
86,Perch,86,train
87,Perch,87,train
88,Perch,88,train
89,Perch,89,train
90,Perch,90,test
91,Perch,91,train
92,Perch,92,train
93,Perch,93,test
94,Perch,94,train
95,Perch,95,train
96,Perch,96,val
97,Perch,97,val
98,Perch,98,train
99,Perch,99,test
100,Perch,100,train
101,Perch,101,train
102,Perch,102,train
103,Perch,103,train
104,Perch,103,train
105,Perch,105,test
106,Perch,106,test
107,Perch,107,train
108,Perch,108,train
109,Perch,109,test
110,Perch,110,train
111,Perch,111,train
112,Perch,112,train
113,Perch,113,train
114,Perch,114,train
115,Perch,115,test
116,Perch,116,train
117,Perch,117,train
118,Perch,118,train
119,Perch,119,train
120,Perch,120,val
121,Perch,121,train
122,Perch,122,train
123,Perch,123,test
124,Perch,124,train
125,Perch,125,val
126,Perch,126,val
127,Perch,127,train
128,Pike,128,train
129,Pike,129,train
130,Pike,130,test
131,Pike,131,train
132,Pike,132,test
133,Pike,133,train
134,Pike,134,train
135,Pike,135,train
136,Pike,136,train
137,Pike,137,train
138,Pike,138,test
139,Pike,139,train
140,Pike,140,train
141,Pike,141,val
142,Pike,142,train
143,Pike,143,val
144,Pike,144,val
145,Smelt,145,train
146,Smelt,146,val
147,Smelt,147,train
148,Smelt,148,test
149,Smelt,149,train
150,Smelt,150,val
151,Smelt,151,train
152,Smelt,152,train
153,Smelt,153,test
154,Smelt,154,train
155,Smelt,155,train
156,Smelt,156,train
157,Smelt,157,train
158,Smelt,158,train
